{
    "best_model": "RandomForest",
    "metrics": {
        "LogisticRegression": {
            "accuracy": 0.79484206317473,
            "precision": 0.7869457035322651,
            "recall": 0.9620728291316526,
            "f1": 0.8656929033407696,
            "roc_auc": 0.7455860994870284
        },
        "RandomForest": {
            "accuracy": 0.8013061442089832,
            "precision": 0.80253200320032,
            "recall": 0.9430812324929972,
            "f1": 0.8670818644731689,
            "roc_auc": 0.7719741850856402
        },
        "NeuralNetwork": {
            "accuracy": 0.5226309476209516,
            "precision": 0.7846672831151766,
            "recall": 0.511624649859944,
            "f1": 0.5095812295812295,
            "roc_auc": 0.5107476836888601
        },
        "XGBoost": {
            "accuracy": 0.7915500466480075,
            "precision": 0.8080334220644779,
            "recall": 0.9146778711484593,
            "f1": 0.8577961794149866,
            "roc_auc": 0.7590520985722224
        }
    }
}